<?xml version="1.0" encoding="UTF-8"?>
<project-private xmlns="http://www.netbeans.org/ns/project-private/1">
    <editor-bookmarks xmlns="http://www.netbeans.org/ns/editor-bookmarks/2" lastBookmarkId="0"/>
    <open-files xmlns="http://www.netbeans.org/ns/projectui-open-files/2">
        <group>
            <file>file:/Users/jihanjeeth/Uni%20Stuff/2nd%20Year/2nd%20Sem/CSA/Tutorials/Tut%208/Tutorial8Client/src/tutorial8client/AddResponse.java</file>
            <file>file:/Users/jihanjeeth/Uni%20Stuff/2nd%20Year/2nd%20Sem/CSA/Tutorials/Tut%208/Tutorial8Client/src/tutorial8client/Subtract.java</file>
            <file>file:/Users/jihanjeeth/Uni%20Stuff/2nd%20Year/2nd%20Sem/CSA/Tutorials/Tut%208/Tutorial8Client/src/tutorial8client/package-info.java</file>
            <file>file:/Users/jihanjeeth/Uni%20Stuff/2nd%20Year/2nd%20Sem/CSA/Tutorials/Tut%208/Tutorial8Client/src/tutorial8client/IsConnected.java</file>
            <file>file:/Users/jihanjeeth/Uni%20Stuff/2nd%20Year/2nd%20Sem/CSA/Tutorials/Tut%208/Tutorial8Client/src/tutorial8client/NewWebService_Service.java</file>
            <file>file:/Users/jihanjeeth/Uni%20Stuff/2nd%20Year/2nd%20Sem/CSA/Tutorials/Tut%208/Tutorial8Client/src/tutorial8client/SubtractResponse.java</file>
            <file>file:/Users/jihanjeeth/Uni%20Stuff/2nd%20Year/2nd%20Sem/CSA/Tutorials/Tut%208/Tutorial8Client/src/tutorial8client/Add.java</file>
            <file>file:/Users/jihanjeeth/Uni%20Stuff/2nd%20Year/2nd%20Sem/CSA/Tutorials/Tut%208/Tutorial8Client/src/tutorial8client/MultiplyResponse.java</file>
            <file>file:/Users/jihanjeeth/Uni%20Stuff/2nd%20Year/2nd%20Sem/CSA/Tutorials/Tut%208/Tutorial8Client/src/tutorial8client/DivideResponse.java</file>
            <file>file:/Users/jihanjeeth/Uni%20Stuff/2nd%20Year/2nd%20Sem/CSA/Tutorials/Tut%208/Tutorial8Client/src/tutorial8client/NewWebService.java</file>
            <file>file:/Users/jihanjeeth/Uni%20Stuff/2nd%20Year/2nd%20Sem/CSA/Tutorials/Tut%208/Tutorial8Client/src/tutorial8client/Divide.java</file>
            <file>file:/Users/jihanjeeth/Uni%20Stuff/2nd%20Year/2nd%20Sem/CSA/Tutorials/Tut%208/Tutorial8Client/src/tutorial8client/IsConnectedResponse.java</file>
            <file>file:/Users/jihanjeeth/Uni%20Stuff/2nd%20Year/2nd%20Sem/CSA/Tutorials/Tut%208/Tutorial8Client/src/tutorial8client/Multiply.java</file>
            <file>file:/Users/jihanjeeth/Uni%20Stuff/2nd%20Year/2nd%20Sem/CSA/Tutorials/Tut%208/Tutorial8Client/src/tutorial8client/ObjectFactory.java</file>
        </group>
    </open-files>
</project-private>
